id,name,country_code
1,Jaxspan,AF
2,Pixonyx,ID
3,Skajo,CN
4,Meemm,TN
5,Eimbee,RU
6,Twitterlist,MX
7,Topiclounge,GB
8,Leexo,CN
9,Gabtype,CN
10,Fivebridge,ID
11,Eazzy,AL
12,Vinte,RU
13,Mita,IL
14,Wordify,FI
15,Realcube,RU
16,Youfeed,NG
17,Gabtype,JP
18,Talane,CN
19,Aimbo,CN
20,Jabbersphere,PT
21,Twiyo,BR
22,Geba,RU
23,Roomm,PT
24,Tavu,PH
25,Eabox,ID
26,Jazzy,CN
27,Fiveclub,BF
28,Camido,NO
29,Oyoloo,ID
30,Oyoba,CN
31,Gigashots,MD
32,Rhyloo,FR
33,Vinte,LV
34,Topiclounge,MX
35,Jabbertype,ET
36,Brainbox,NG
37,Tagtune,ID
38,Mynte,ES
39,Livetube,BG
40,Topicstorm,UG
41,Quatz,PH
42,Avavee,CN
43,Katz,US
44,Tekfly,CN
45,Jayo,CD
46,Dynabox,BR
47,Eadel,CM
48,Kaymbo,DO
49,Mynte,NZ
50,Dynava,PL
51,Tambee,ID
52,Gevee,CN
53,Kwilith,RU
54,Wordtune,IR
55,Realmix,PL
56,Leenti,BR
57,DabZ,MX
58,Devify,KR
59,Buzzbean,ID
60,Mita,PL
61,Voonte,MG
62,Youopia,AR
63,Browsebug,ID
64,Gevee,CN
65,Skinder,CN
66,Skinte,CN
67,Blognation,MX
68,Twinte,FI
69,Buzzbean,RU
70,Jabbertype,US
71,Dynava,PE
72,Meetz,PT
73,Demizz,RS
74,Bluezoom,IL
75,Zoomdog,ID
76,Tagchat,FR
77,Yozio,PH
78,Eabox,FR
79,Jabbersphere,ID
80,Skipstorm,US
81,Yacero,ES
82,Voonte,PH
83,Fanoodle,RS
84,Eare,CN
85,Wordware,MA
86,Meeveo,ID
87,Youtags,RU
88,Dabtype,ID
89,Devbug,ID
90,Tagpad,CN
91,Dabfeed,BY
92,Abatz,EC
93,Photofeed,GR
94,Skyvu,BR
95,Meevee,CN
96,Roombo,UZ
97,Yombu,NO
98,Voonte,CN
99,Cogibox,CZ
100,Topicblab,PL
101,Podcat,MX
102,Eayo,CZ
103,Topiclounge,AM
104,Voonyx,AM
105,Dabvine,PL
106,Meejo,SE
107,Skiptube,CN
108,Photobean,CN
109,Demimbu,RS
110,Skinte,CN
111,Meetz,GR
112,Devpulse,CN
113,Twitterlist,PH
114,Katz,PL
115,Tavu,PT
116,Photospace,CN
117,Voonix,NI
118,Yodel,UA
119,Browsezoom,CN
120,Yambee,BR
121,Gabcube,BR
122,Kazu,PH
123,Twitterbridge,MX
124,Quimba,JP
125,Quatz,FR
126,Rhynoodle,CN
127,Jayo,FR
128,Twiyo,CN
129,Photobean,PA
130,Tagopia,PL
131,Ntags,CN
132,Topiclounge,EG
133,Bluejam,CN
134,Kaymbo,US
135,Linkbridge,RU
136,Photolist,ID
137,Meemm,KE
138,Tanoodle,BR
139,Kare,PL
140,Devify,AM
141,Divavu,ID
142,Gabcube,JP
143,Fliptune,ID
144,Eadel,CN
145,Youbridge,RU
146,Devbug,ES
147,Linktype,CN
148,Kwideo,BR
149,Ooba,MG
150,Demizz,IR
151,Riffpedia,HU
152,Centizu,CN
153,Skiptube,TH
154,Linkbuzz,CN
155,Eazzy,ID
156,Twitternation,BR
157,Thoughtworks,RU
158,Aimbo,MD
159,Thoughtstorm,ID
160,Kwimbee,ID
161,Babblestorm,MN
162,Tagcat,GR
163,Gabtype,PH
164,Fatz,CN
165,Nlounge,PH
166,Fivechat,BR
167,Camimbo,CN
168,Realmix,DK
169,Thoughtmix,CN
170,Skyvu,ES
171,Twitterbeat,ID
172,Leexo,ID
173,Babbleblab,FR
174,Livetube,AR
175,Feedspan,PL
176,Layo,CN
177,Oyondu,BR
178,Twinder,CA
179,Buzzster,ID
180,Kwilith,CN
181,Talane,BR
182,Katz,PH
183,Feedfish,ID
184,Flipbug,NP
185,Quimba,CN
186,Avavee,PT
187,Zoovu,ET
188,Midel,LK
189,Abatz,JO
190,Skimia,KG
191,Avamm,GT
192,Zoomlounge,BR
193,Trilia,US
194,Oyope,RU
195,Meejo,JM
196,Flashpoint,PH
197,Thoughtstorm,FR
198,Wikibox,PL
199,Babblestorm,CN
200,Jayo,FR
201,Youfeed,NI
202,Cogidoo,CN
203,Lazzy,NO
204,Camido,CN
205,Zoonoodle,AM
206,Jamia,MX
207,Edgetag,CN
208,Thoughtworks,BA
209,Ooba,ID
210,Avavee,GR
211,Oyonder,PT
212,Eidel,PL
213,Skipstorm,PH
214,Zoombox,CN
215,Jayo,PE
216,Gevee,GR
217,Eimbee,PH
218,Meetz,RU
219,Talane,RU
220,Voonyx,NO
221,Twinte,SA
222,Skiptube,CN
223,Feedmix,BO
224,Jabbersphere,FR
225,Divape,CN
226,Skipfire,LT
227,Voomm,ID
228,Divanoodle,RU
229,Mynte,CN
230,Flashspan,CN
231,Kayveo,BR
232,Skinte,LI
233,Jetwire,BT
234,Tagopia,PH
235,Eidel,CN
236,Wikizz,SE
237,Skinte,PH
238,Kanoodle,US
239,Meemm,JO
240,Livefish,YE
241,Centidel,MX
242,Aivee,RS
243,Babbleblab,PT
244,Trudoo,RS
245,Flashpoint,KM
246,Chatterbridge,MN
247,Youfeed,PT
248,Realcube,PH
249,Zoomdog,UY
250,Realbridge,CN
251,Photobean,CN
252,Miboo,SE
253,Yakidoo,BR
254,Jazzy,ID
255,Rhycero,CO
256,Twinder,DE
257,Linklinks,CH
258,Fiveclub,PT
259,Skipfire,KR
260,Photobean,AF
261,Twimbo,CZ
262,Flipstorm,CN
263,Thoughtbeat,ES
264,Flipbug,NE
265,Vipe,US
266,Npath,TH
267,Rhycero,PE
268,Edgepulse,NG
269,Eimbee,ZM
270,Yamia,ID
271,Brainsphere,BY
272,Chatterbridge,ID
273,Minyx,TH
274,Camido,LV
275,Flipopia,US
276,Zoonder,CZ
277,Jabbersphere,CN
278,Trudoo,ID
279,Shufflester,SE
280,Divape,AL
281,Rooxo,RU
282,Photolist,ID
283,Photolist,CN
284,Bluejam,EG
285,Fadeo,NE
286,Fivechat,BQ
287,Rhynyx,US
288,Brainsphere,MX
289,Feedbug,PL
290,Feedfish,PH
291,Buzzbean,CA
292,Einti,CN
293,Flipbug,CN
294,Gabspot,NL
295,Youtags,CN
296,Camimbo,FR
297,Shufflebeat,GR
298,Blogtags,ID
299,Voolith,TJ
300,Pixope,BR
301,Digitube,CN
302,Voonyx,CN
303,Buzzster,MH
304,Feednation,DO
305,Kimia,CN
306,Edgeclub,ID
307,Jaxspan,CN
308,Kwilith,ID
309,Edgewire,MA
310,Skinix,PL
311,Dynabox,TH
312,Fliptune,AR
313,Izio,FR
314,Cogidoo,CO
315,Tagchat,CN
316,Gabspot,PH
317,Skinte,CN
318,Meemm,GR
319,Youbridge,SE
320,DabZ,BR
321,Realpoint,AR
322,Camimbo,PT
323,Zazio,RU
324,Zoombox,CN
325,Zoovu,RU
326,Edgepulse,PS
327,Gabvine,CZ
328,Fivespan,CZ
329,Rhynyx,UA
330,Browseblab,SY
331,Jaxnation,GR
332,Browsetype,CA
333,Skinte,EE
334,Zoombox,SE
335,Jabberbean,BR
336,Quimm,PT
337,Fliptune,ID
338,Janyx,CN
339,Twitterworks,ID
340,Trilith,ID
341,Demivee,ET
342,Babbleset,CA
343,Plajo,RU
344,Centizu,DK
345,Kare,CN
346,Yakidoo,US
347,Aivee,BD
348,Ainyx,PH
349,Meemm,AL
350,Twitterlist,AZ
351,Mycat,CN
352,Fiveclub,RU
353,Dablist,FR
354,Yacero,ID
355,Bubbletube,PT
356,Bubblebox,PT
357,Snaptags,PT
358,Oyonder,ID
359,Tagpad,MX
360,Kayveo,TH
361,Oyoba,PH
362,Trilia,RU
363,Tagtune,PL
364,Youbridge,ID
365,Fiveclub,UA
366,Thoughtbridge,SR
367,Abata,BG
368,Skidoo,PT
369,Eimbee,MX
370,Nlounge,GU
371,Kimia,ID
372,Riffpedia,FR
373,Tagtune,SY
374,Twitterworks,NO
375,Edgetag,ID
376,Skyble,CN
377,Thoughtbeat,CA
378,Thoughtstorm,AZ
379,Innotype,ID
380,Dabvine,ID
381,Flashpoint,AR
382,Yodel,RU
383,Devcast,RU
384,DabZ,US
385,Blogtag,PE
386,Eidel,KH
387,Fliptune,KR
388,Browseblab,CW
389,Agivu,SE
390,Jabbersphere,ID
391,Oyoba,PH
392,Photofeed,NG
393,Meejo,PT
394,Zazio,SE
395,Kanoodle,MT
396,Meeveo,PH
397,Kazio,UA
398,Avavee,LK
399,Lazz,PH
400,Gabvine,EE
401,Meedoo,CO
402,Demimbu,ID
403,Devpulse,ID
404,Vimbo,NG
405,Jabbercube,CN
406,Zoovu,PH
407,Eazzy,CN
408,Jabbersphere,RU
409,Feedbug,ZA
410,Realcube,BR
411,Plajo,RU
412,Oyoloo,MA
413,Wikivu,CN
414,Quatz,GQ
415,Jaloo,GR
416,Kayveo,CA
417,Babbleopia,CN
418,Zazio,PK
419,Flipbug,CA
420,Voomm,RU
421,Thoughtmix,RU
422,Zoovu,UA
423,Skajo,GR
424,Skiba,PY
425,Twitterbridge,CL
426,Realbridge,UA
427,Lazzy,TH
428,Skidoo,PL
429,Skipstorm,UZ
430,Yacero,NI
431,Jaxspan,RS
432,Edgeify,LU
433,Jayo,PT
434,Fivespan,CZ
435,Zoombeat,GA
436,Feedspan,RU
437,Buzzdog,SE
438,Linkbuzz,SI
439,Thoughtmix,CA
440,Kwideo,UG
441,Skalith,CN
442,Realbuzz,VN
443,Topicware,GE
444,Mynte,CZ
445,Livetube,BF
446,Quire,ID
447,Meeveo,IR
448,Twimbo,US
449,Ailane,CN
450,Flipstorm,GM
451,Dabtype,CN
452,Meezzy,NG
453,Blognation,RU
454,Jetpulse,GR
455,Jazzy,PT
456,Photobean,ZM
457,Thoughtstorm,FR
458,Pixonyx,ID
459,Livetube,ID
460,Kamba,PT
461,Feedspan,BR
462,Babbleblab,US
463,Thoughtworks,XK
464,Jabberbean,ID
465,Flashset,CN
466,Meemm,AR
467,Photospace,TH
468,Meejo,NL
469,Zazio,CZ
470,Brightdog,JP
471,Demizz,GT
472,Voomm,CZ
473,Wikizz,SE
474,Quaxo,TH
475,Einti,BR
476,Oyoyo,CZ
477,Tagfeed,BA
478,Skyvu,CN
479,Voonte,BR
480,Livepath,SE
481,Voonder,PH
482,Oyoyo,LK
483,Nlounge,ID
484,Kazu,AE
485,Wikizz,RU
486,Rhyzio,NG
487,Katz,LU
488,Zoomdog,CN
489,Aivee,CN
490,Gabcube,PE
491,Quire,CN
492,Skalith,CM
493,Linktype,RU
494,Einti,CN
495,Meetz,CN
496,Katz,PT
497,Voolia,NZ
498,Zooveo,PH
499,Myworks,CN
500,Gabcube,ID
501,Jabbercube,PH
502,Mydo,PL
503,Ainyx,US
504,Cogibox,PE
505,Thoughtblab,TN
506,Digitube,MY
507,Kayveo,CN
508,Skyble,NL
509,Yadel,PE
510,Katz,TN
511,Browsedrive,UA
512,Muxo,CN
513,Realcube,FI
514,Oyope,CN
515,Oyoloo,IQ
516,Twimbo,PT
517,Riffwire,ID
518,Realcube,ID
519,Snaptags,PL
520,Innojam,CN
521,Realpoint,BR
522,Riffpedia,ID
523,Skinder,MU
524,Rooxo,IE
525,Blogtags,SE
526,Demivee,CN
527,Dabshots,PK
528,Riffpath,FR
529,Mynte,CN
530,Youspan,NA
531,Gigabox,SD
532,Twitternation,AF
533,Aibox,TN
534,Tagopia,ID
535,Jaxworks,PH
536,Thoughtstorm,PT
537,Kayveo,MX
538,Devcast,PT
539,Voolith,BR
540,Jatri,PE
541,Thoughtstorm,KE
542,Fanoodle,ID
543,Jatri,CA
544,Aimbo,TH
545,Thoughtworks,JP
546,Pixoboo,SI
547,Topicshots,EG
548,Skynoodle,JP
549,Ailane,CN
550,Yakitri,SE
551,Jaxnation,CN
552,Centizu,ID
553,Rhybox,JP
554,Edgepulse,CN
555,Kanoodle,GE
556,Gigaclub,LR
557,Youspan,SI
558,Kazu,PH
559,Buzzshare,CN
560,Thoughtstorm,BR
561,Flashset,SE
562,Devcast,BR
563,Flashset,RU
564,Oodoo,FR
565,Voonte,PL
566,Oyoloo,IE
567,Thoughtstorm,BG
568,Zoombox,BR
569,Gigazoom,RU
570,Jazzy,GR
571,Trilith,PH
572,Meevee,ID
573,LiveZ,CN
574,Yadel,PE
575,Voonyx,TM
576,Tavu,NI
577,Zoonder,CN
578,Photojam,SE
579,Quimba,SI
580,Quatz,SI
581,Oodoo,IR
582,Leenti,CO
583,Dabtype,ID
584,Skidoo,NG
585,Digitube,PL
586,Skiba,JP
587,Eimbee,XK
588,Skiba,CN
589,Babbleblab,CN
590,Mybuzz,RU
591,Wikido,BR
592,Jaxnation,CM
593,Zazio,CN
594,Meeveo,CN
595,Devpulse,ID
596,Jabbersphere,CN
597,Brainlounge,ID
598,Bubbletube,BE
599,Devpulse,ID
600,Thoughtbeat,CN
601,Quatz,PH
602,Dazzlesphere,KR
603,Gabvine,CN
604,Vipe,ID
605,Jaxspan,PH
606,Kamba,CR
607,Topiclounge,ID
608,Skivee,DE
609,Yozio,CZ
610,Bubblebox,AZ
611,Miboo,PH
612,Voolia,BR
613,Ooba,PT
614,Layo,RU
615,Dynabox,PK
616,Kwideo,AM
617,Aivee,NL
618,Centimia,NI
619,Podcat,CO
620,Buzzbean,FR
621,Edgepulse,CN
622,Cogidoo,SE
623,Jabberstorm,CN
624,Divape,NG
625,Browsebug,TH
626,Twitterbridge,CN
627,Realcube,CN
628,Devpoint,PH
629,Skinix,RU
630,Fivespan,PE
631,Zooveo,TG
632,Voomm,PT
633,Innotype,PL
634,Lajo,SE
635,Kaymbo,RU
636,Buzzshare,CN
637,Wordtune,GR
638,Wikibox,BR
639,Trunyx,CN
640,Yadel,RU
641,Skibox,US
642,Topdrive,JP
643,Gabcube,CN
644,Demimbu,ID
645,Blogspan,PH
646,Fanoodle,CN
647,Agimba,CN
648,Snaptags,BR
649,Kwilith,KZ
650,Dabvine,GR
651,Meetz,MU
652,Gabspot,PH
653,Quimm,US
654,Buzzbean,PH
655,Einti,YE
656,Edgeify,CO
657,Wikido,CA
658,Cogibox,CZ
659,InnoZ,CZ
660,Quimm,CN
661,Wordify,HN
662,Devcast,SE
663,Divanoodle,MX
664,Izio,PT
665,Tambee,CN
666,Vinder,IR
667,Zoonoodle,CN
668,Agivu,MY
669,Tazzy,ID
670,Bubbletube,JP
671,Vinte,PH
672,Meembee,CN
673,Pixoboo,MY
674,Bubblebox,CN
675,Yata,PH
676,Thoughtmix,CN
677,Yozio,GT
678,Twitterbeat,PL
679,Linklinks,VE
680,Thoughtstorm,ID
681,Meedoo,RU
682,Livefish,CN
683,Zazio,CN
684,Fanoodle,CN
685,Rhyzio,AR
686,Eazzy,ID
687,Rhyzio,PH
688,Skippad,RU
689,Digitube,AF
690,Realfire,EC
691,Voonder,HN
692,Photobean,ID
693,Cogibox,CN
694,Zazio,SE
695,Divape,CN
696,Gabtype,NG
697,Jetwire,ET
698,Kwimbee,PT
699,Meedoo,ID
700,Twitterwire,CN
701,Meezzy,US
702,Podcat,BR
703,Yodo,SI
704,Twitterbridge,ZA
705,Tagcat,PA
706,Babblestorm,RU
707,Skinder,ID
708,Linkbuzz,CM
709,Flashspan,NG
710,Divape,CN
711,Photofeed,TN
712,Katz,JO
713,Fivespan,AW
714,Dabjam,US
715,Twinder,UA
716,Centizu,ID
717,Thoughtstorm,CO
718,Thoughtmix,FR
719,Topicshots,PL
720,Flipopia,PH
721,Jabbersphere,CN
722,Wikivu,VN
723,Shufflester,PT
724,Eadel,PE
725,Realpoint,CN
726,Dabjam,GW
727,Gabtype,BA
728,Oyoba,BR
729,Skyba,PT
730,Rhybox,BR
731,Buzzster,PT
732,Lajo,CA
733,Thoughtworks,UA
734,Aivee,PT
735,Dazzlesphere,CN
736,Lazzy,UA
737,Gigabox,NG
738,Vimbo,AR
739,Izio,HT
740,Gabtune,CN
741,Geba,CN
742,Fatz,PL
743,Yodoo,CO
744,Skidoo,RU
745,Aibox,PH
746,Demizz,PL
747,Buzzster,PK
748,Tagopia,CN
749,Janyx,CN
750,Kwideo,BR
751,Skyndu,ID
752,Devcast,LT
753,Yodoo,VN
754,Twitterbridge,TN
755,Vinte,UA
756,Browseblab,GR
757,Twimbo,BR
758,Roodel,PH
759,Eare,UA
760,Einti,IR
761,Flashdog,NG
762,Mybuzz,KM
763,Linkbuzz,PH
764,Skidoo,BR
765,Wordware,CN
766,Shuffletag,PL
767,Yakijo,LY
768,Bubblemix,PH
769,Realcube,ET
770,Oyope,CO
771,Flashpoint,CN
772,Pixoboo,US
773,Izio,MU
774,Feedfire,BR
775,Skyble,BR
776,Bluejam,CN
777,Mita,RU
778,Flashset,CN
779,Myworks,PH
780,Thoughtbeat,BR
781,Skipstorm,SV
782,Quimba,ID
783,Dabvine,ID
784,Jaxworks,GR
785,Bubblemix,AM
786,Jaxnation,CN
787,Gigabox,BG
788,Agivu,ID
789,Centizu,NO
790,Mynte,HN
791,Devshare,FR
792,Vinte,CZ
793,Browseblab,PL
794,Avaveo,BY
795,Zoomlounge,RU
796,Flashdog,ID
797,Riffpedia,CN
798,Meemm,PL
799,Thoughtworks,CA
800,Trupe,PT
801,Meetz,ID
802,Kanoodle,BR
803,Shuffledrive,RU
804,Skyndu,PL
805,Camido,BR
806,Tekfly,UY
807,Lazzy,CA
808,Tazzy,ID
809,Lajo,CN
810,Lazzy,MA
811,Dynazzy,BR
812,Centimia,AR
813,Quimm,CU
814,Gabvine,ID
815,Brainsphere,PE
816,Skyble,FR
817,Cogibox,PT
818,Realbridge,BG
819,Twiyo,ID
820,Yoveo,ID
821,Tagchat,NG
822,Dabshots,PE
823,Flipstorm,PL
824,Talane,BD
825,Twitterworks,CN
826,Kazu,ID
827,Brightbean,PK
828,Blogpad,CN
829,Buzzbean,ID
830,Brightbean,US
831,Oyoloo,MK
832,Gigashots,AR
833,Yamia,CA
834,Trunyx,PT
835,Gabspot,PL
836,Aibox,PT
837,Realbridge,SY
838,Yambee,IR
839,Yotz,PL
840,Demivee,PH
841,Devpoint,CN
842,Skidoo,CO
843,Vitz,ID
844,Zoomdog,NG
845,Bubbletube,ID
846,Edgeblab,CN
847,Devpulse,SE
848,Thoughtblab,SE
849,Yakitri,UA
850,Brightdog,PK
851,Katz,RU
852,Realfire,FR
853,Meembee,ID
854,Tazzy,PT
855,Eayo,IE
856,Skimia,PH
857,Jabbercube,UA
858,Topdrive,AR
859,Photojam,CN
860,Oyoloo,FR
861,Kimia,CN
862,Thoughtstorm,CZ
863,Yodoo,BR
864,Voonder,ID
865,Topiclounge,SY
866,Zoombeat,MK
867,Trudoo,CN
868,Livetube,ID
869,Twitterbeat,PT
870,Myworks,PT
871,Einti,PL
872,Skipstorm,AM
873,Livetube,PE
874,Photolist,BW
875,Yodo,ID
876,Realbridge,UZ
877,Babblestorm,ID
878,Realmix,MG
879,Kanoodle,UA
880,Skaboo,HN
881,Dynabox,CM
882,Pixonyx,UG
883,Yodel,CN
884,Livefish,CO
885,Yotz,ID
886,Twitterwire,RS
887,Eidel,ML
888,Yata,US
889,Plajo,CN
890,BlogXS,CN
891,Devpulse,PH
892,Avamba,CN
893,Jayo,CN
894,Twimm,JP
895,Topicware,UA
896,Lazz,FR
897,Zoombeat,SE
898,Eayo,PT
899,Dabfeed,CN
900,Minyx,NL
901,Zoomdog,AR
902,Leenti,PE
903,Skivee,MK
904,Kanoodle,SY
905,Myworks,FI
906,Gabvine,RU
907,Edgeclub,BR
908,Lajo,RU
909,Oyoyo,ID
910,Centidel,JP
911,Jetwire,CO
912,Buzzbean,CN
913,DabZ,CO
914,Roomm,RU
915,Skilith,RU
916,Einti,ID
917,Kazio,PH
918,Trilia,PT
919,Zoomcast,GR
920,Jabbertype,CN
921,Mymm,PE
922,Mybuzz,BR
923,Innotype,CN
924,Pixonyx,CN
925,Ntags,RU
926,Jaloo,RU
927,Fivechat,TH
928,Snaptags,ID
929,Quimba,CV
930,Zoombox,CN
931,Snaptags,KR
932,Aibox,MX
933,Roombo,CN
934,Fiveclub,RU
935,Meevee,ID
936,Quimm,AR
937,Quire,US
938,Twimbo,SE
939,Abatz,US
940,Edgewire,CN
941,Gevee,CA
942,Zooveo,PE
943,Trudoo,RS
944,Skynoodle,NZ
945,Topicstorm,ID
946,Roombo,CN
947,Twimbo,CN
948,Tagpad,RU
949,Trilia,PT
950,Quire,IR
951,Babbleblab,BR
952,Dabjam,CN
953,Geba,MA
954,Thoughtblab,ID
955,Devbug,FR
956,Tagcat,VN
957,Devpoint,PT
958,Bluezoom,CN
959,Brainverse,GT
960,Vitz,IQ
961,Eire,CA
962,Mynte,PT
963,Browsecat,YE
964,Meembee,RU
965,Avamm,PH
966,Kare,UZ
967,Shufflester,PW
968,Viva,RU
969,Oloo,CN
970,Jetpulse,CN
971,Trilia,GH
972,Eare,VN
973,Wordify,BR
974,Skipfire,UA
975,Oba,US
976,Fatz,PH
977,Yabox,CN
978,Voolia,CN
979,Zoombeat,NO
980,Blogtag,ID
981,Ailane,HT
982,Skinix,CN
983,Trunyx,CN
984,Fatz,KW
985,Youopia,FR
986,Jazzy,CN
987,Eare,ID
988,Pixoboo,CN
989,Dablist,PL
990,Dabshots,CN
991,Oyonder,CN
992,Realcube,GM
993,Skinte,RS
994,Centizu,PL
995,Centimia,MH
996,Brainsphere,IL
997,Avaveo,LK
998,Voonix,MX
999,Skalith,PT
1000,Layo,ID
